{"cameraMode":{"drawMode":0,"name":"Shaded","section":"Shading Mode"},"sceneLighting":true,"audioPlay":false,"sceneViewState":{"showFog":true,"showMaterialUpdate":false,"showSkybox":true,"showFlares":true,"showImageEffects":true,"showParticleSystems":true},"in2DMode":false,"pivot":{"x":4.721864700317383,"y":9.353675842285157,"z":-2.345968246459961},"rotation":{"x":-0.11555996537208557,"y":0.7996024489402771,"z":-0.16317832469940186,"w":-0.5662675499916077},"size":11.679413795471192,"orthographic":false}